[{"DataElement": "Patients", "DataType": "Characteristic: Population", "DataValue": "47,845", "TBIFlag": "Y"}, {"DataElement": "Patients", "DataType": "Characteristic: Population", "DataValue": "636,288", "TBIFlag": "N"}, {"DataElement": "Age Mean", "DataType": "Characteristic: Population", "DataValue": "33", "TBIFlag": "Y"}, {"DataElement": "Age Mean", "DataType": "Characteristic: Population", "DataValue": "36", "TBIFlag": "N"}, {"DataElement": "Age Standard Deviation", "DataType": "Characteristic: Population", "DataValue": "8", "TBIFlag": "Y"}, {"DataElement": "Age Standard Deviation", "DataType": "Characteristic: Population", "DataValue": "10", "TBIFlag": "N"}, {"DataElement": "Female", "DataType": "Characteristic: Gender", "DataValue": "6%", "TBIFlag": "Y"}, {"DataElement": "Female", "DataType": "Characteristic: Gender", "DataValue": "14%", "TBIFlag": "N"}, {"DataElement": "Male", "DataType": "Characteristic: Gender", "DataValue": "94%", "TBIFlag": "Y"}, {"DataElement": "Male", "DataType": "Characteristic: Gender", "DataValue": "86%", "TBIFlag": "N"}, {"DataElement": "White Only", "DataType": "Characteristic: Race", "DataValue": "75%", "TBIFlag": "Y"}, {"DataElement": "White Only", "DataType": "Characteristic: Race", "DataValue": "67%", "TBIFlag": "N"}, {"DataElement": "Black Only", "DataType": "Characteristic: Race", "DataValue": "13%", "TBIFlag": "Y"}, {"DataElement": "Black Only", "DataType": "Characteristic: Race", "DataValue": "18%", "TBIFlag": "N"}, {"DataElement": "Native American/Alaska Native Only", "DataType": "Characteristic: Race", "DataValue": "1%", "TBIFlag": "Y"}, {"DataElement": "Native American/Alaska Native Only", "DataType": "Characteristic: Race", "DataValue": "1%", "TBIFlag": "N"}, {"DataElement": "Asian Only", "DataType": "Characteristic: Race", "DataValue": "2%", "TBIFlag": "Y"}, {"DataElement": "Asian Only", "DataType": "Characteristic: Race", "DataValue": "2%", "TBIFlag": "N"}, {"DataElement": "Native Hawaiian/Pacific Islander Only", "DataType": "Characteristic: Race", "DataValue": "1%", "TBIFlag": "Y"}, {"DataElement": "Native Hawaiian/Pacific Islander Only", "DataType": "Characteristic: Race", "DataValue": "1%", "TBIFlag": "N"}, {"DataElement": "Multiracial", "DataType": "Characteristic: Race", "DataValue": "3%", "TBIFlag": "Y"}, {"DataElement": "Multiracial", "DataType": "Characteristic: Race", "DataValue": "2%", "TBIFlag": "N"}, {"DataElement": "Unknown", "DataType": "Characteristic: Race", "DataValue": "6%", "TBIFlag": "Y"}, {"DataElement": "Unknown", "DataType": "Characteristic: Race", "DataValue": "10%", "TBIFlag": "N"}, {"DataElement": "Non-Hispanic", "DataType": "Characteristic: Ethnicity", "DataValue": "85%", "TBIFlag": "Y"}, {"DataElement": "Non-Hispanic", "DataType": "Characteristic: Ethnicity", "DataValue": "82%", "TBIFlag": "N"}, {"DataElement": "Hispanic", "DataType": "Characteristic: Ethnicity", "DataValue": "13%", "TBIFlag": "Y"}, {"DataElement": "Hispanic", "DataType": "Characteristic: Ethnicity", "DataValue": "11%", "TBIFlag": "N"}, {"DataElement": "Unknown", "DataType": "Characteristic: Ethnicity", "DataValue": "3%", "TBIFlag": "Y"}, {"DataElement": "Unknown", "DataType": "Characteristic: Ethnicity", "DataValue": "6%", "TBIFlag": "N"}, {"DataElement": "Urban", "DataType": "Characteristic: Urban/Rural", "DataValue": "70%", "TBIFlag": "Y"}, {"DataElement": "Urban", "DataType": "Characteristic: Urban/Rural", "DataValue": "71%", "TBIFlag": "N"}, {"DataElement": "Rural", "DataType": "Characteristic: Urban/Rural", "DataValue": "29%", "TBIFlag": "Y"}, {"DataElement": "Rural", "DataType": "Characteristic: Urban/Rural", "DataValue": "27%", "TBIFlag": "N"}, {"DataElement": "Highly Rural", "DataType": "Characteristic: Urban/Rural", "DataValue": "1%", "TBIFlag": "Y"}, {"DataElement": "Highly Rural", "DataType": "Characteristic: Urban/Rural", "DataValue": "1%", "TBIFlag": "N"}, {"DataElement": "Unknown", "DataType": "Characteristic: Urban/Rural", "DataValue": "1%", "TBIFlag": "Y"}, {"DataElement": "Unknown", "DataType": "Characteristic: Urban/Rural", "DataValue": "1%", "TBIFlag": "N"}, {"DataElement": "None", "DataType": "Characteristic: Service Connection (Total)", "DataValue": "17%", "TBIFlag": "Y"}, {"DataElement": "None", "DataType": "Characteristic: Service Connection (Total)", "DataValue": "30%", "TBIFlag": "N"}, {"DataElement": "0%", "DataType": "Characteristic: Service Connection (Total)", "DataValue": "1%", "TBIFlag": "Y"}, {"DataElement": "0%", "DataType": "Characteristic: Service Connection (Total)", "DataValue": "2%", "TBIFlag": "N"}, {"DataElement": "10-40%", "DataType": "Characteristic: Service Connection (Total)", "DataValue": "12%", "TBIFlag": "Y"}, {"DataElement": "10-40%", "DataType": "Characteristic: Service Connection (Total)", "DataValue": "24%", "TBIFlag": "N"}, {"DataElement": "50-90%", "DataType": "Characteristic: Service Connection (Total)", "DataValue": "51%", "TBIFlag": "Y"}, {"DataElement": "50-90%", "DataType": "Characteristic: Service Connection (Total)", "DataValue": "38%", "TBIFlag": "N"}, {"DataElement": "100%", "DataType": "Characteristic: Service Connection (Total)", "DataValue": "20%", "TBIFlag": "Y"}, {"DataElement": "100%", "DataType": "Characteristic: Service Connection (Total)", "DataValue": "6%", "TBIFlag": "N"}, {"DataElement": "None", "DataType": "Characteristic: Service Connection for TBI", "DataValue": "72%", "TBIFlag": "Y"}, {"DataElement": "None", "DataType": "Characteristic: Service Connection for TBI", "DataValue": "96%", "TBIFlag": "N"}, {"DataElement": "0%", "DataType": "Characteristic: Service Connection for TBI", "DataValue": "5%", "TBIFlag": "Y"}, {"DataElement": "0%", "DataType": "Characteristic: Service Connection for TBI", "DataValue": "1%", "TBIFlag": "N"}, {"DataElement": "10-40%", "DataType": "Characteristic: Service Connection for TBI", "DataValue": "19%", "TBIFlag": "Y"}, {"DataElement": "10-40%", "DataType": "Characteristic: Service Connection for TBI", "DataValue": "3%", "TBIFlag": "N"}, {"DataElement": "50-90%", "DataType": "Characteristic: Service Connection for TBI", "DataValue": "3%", "TBIFlag": "Y"}, {"DataElement": "50-90%", "DataType": "Characteristic: Service Connection for TBI", "DataValue": "0.29%", "TBIFlag": "N"}, {"DataElement": "100%", "DataType": "Characteristic: Service Connection for TBI", "DataValue": "1%", "TBIFlag": "Y"}, {"DataElement": "100%", "DataType": "Characteristic: Service Connection for TBI", "DataValue": "0.04%", "TBIFlag": "N"}, {"DataElement": "New", "DataType": "Characteristic: VA User", "DataValue": "18%", "TBIFlag": "Y"}, {"DataElement": "New", "DataType": "Characteristic: VA User", "DataValue": "19%", "TBIFlag": "N"}, {"DataElement": "Past", "DataType": "Characteristic: VA User", "DataValue": "82%", "TBIFlag": "Y"}, {"DataElement": "Past", "DataType": "Characteristic: VA User", "DataValue": "81%", "TBIFlag": "N"}, {"DataElement": "Patients", "DataType": "Prevalence of Mental Health and Pain", "DataValue": "47,845", "TBIFlag": "Y"}, {"DataElement": "Patients", "DataType": "Prevalence of Mental Health and Pain", "DataValue": "636,288", "TBIFlag": "N"}, {"DataElement": "Any Mental Health", "DataType": "Prevalence of Mental Health and Pain", "DataValue": "91%", "TBIFlag": "Y"}, {"DataElement": "Any Mental Health", "DataType": "Prevalence of Mental Health and Pain", "DataValue": "52%", "TBIFlag": "N"}, {"DataElement": "PTSD", "DataType": "Prevalence of Mental Health and Pain", "DataValue": "73%", "TBIFlag": "Y"}, {"DataElement": "PTSD", "DataType": "Prevalence of Mental Health and Pain", "DataValue": "28%", "TBIFlag": "N"}, {"DataElement": "Depression", "DataType": "Prevalence of Mental Health and Pain", "DataValue": "48%", "TBIFlag": "Y"}, {"DataElement": "Depression", "DataType": "Prevalence of Mental Health and Pain", "DataValue": "24%", "TBIFlag": "N"}, {"DataElement": "Anxiety", "DataType": "Prevalence of Mental Health and Pain", "DataValue": "31%", "TBIFlag": "Y"}, {"DataElement": "Anxiety", "DataType": "Prevalence of Mental Health and Pain", "DataValue": "16%", "TBIFlag": "N"}, {"DataElement": "Bipolar", "DataType": "Prevalence of Mental Health and Pain", "DataValue": "4%", "TBIFlag": "Y"}, {"DataElement": "Bipolar", "DataType": "Prevalence of Mental Health and Pain", "DataValue": "2%", "TBIFlag": "N"}, {"DataElement": "Psychosis", "DataType": "Prevalence of Mental Health and Pain", "DataValue": "3%", "TBIFlag": "Y"}, {"DataElement": "Psychosis", "DataType": "Prevalence of Mental Health and Pain", "DataValue": "1%", "TBIFlag": "N"}, {"DataElement": "Substance Disorder", "DataType": "Prevalence of Mental Health and Pain", "DataValue": "38%", "TBIFlag": "Y"}, {"DataElement": "Substance Disorder", "DataType": "Prevalence of Mental Health and Pain", "DataValue": "21%", "TBIFlag": "N"}, {"DataElement": "Nicotine Dependence", "DataType": "Prevalence of Mental Health and Pain", "DataValue": "25%", "TBIFlag": "Y"}, {"DataElement": "Nicotine Dependence", "DataType": "Prevalence of Mental Health and Pain", "DataValue": "14%", "TBIFlag": "N"}, {"DataElement": "Headache", "DataType": "Prevalence of Mental Health and Pain", "DataValue": "49%", "TBIFlag": "Y"}, {"DataElement": "Headache", "DataType": "Prevalence of Mental Health and Pain", "DataValue": "10%", "TBIFlag": "N"}, {"DataElement": "Back Pain", "DataType": "Prevalence of Mental Health and Pain", "DataValue": "50%", "TBIFlag": "Y"}, {"DataElement": "Back Pain", "DataType": "Prevalence of Mental Health and Pain", "DataValue": "28%", "TBIFlag": "N"}, {"DataElement": "Neck Pain", "DataType": "Prevalence of Mental Health and Pain", "DataValue": "16%", "TBIFlag": "Y"}, {"DataElement": "Neck Pain", "DataType": "Prevalence of Mental Health and Pain", "DataValue": "7%", "TBIFlag": "N"}, {"DataElement": "Any Head/Back/Neck Pain", "DataType": "Prevalence of Mental Health and Pain", "DataValue": "73%", "TBIFlag": "Y"}, {"DataElement": "Any Head/Back/Neck Pain", "DataType": "Prevalence of Mental Health and Pain", "DataValue": "35%", "TBIFlag": "N"}, {"DataElement": "Mental Health and Any Pain", "DataType": "Prevalence of Mental Health and Pain", "DataValue": "68%", "TBIFlag": "Y"}, {"DataElement": "Mental Health and Any Pain", "DataType": "Prevalence of Mental Health and Pain", "DataValue": "24%", "TBIFlag": "N"}, {"DataElement": "PTSD and Any Pain", "DataType": "Prevalence of Mental Health and Pain", "DataValue": "56%", "TBIFlag": "Y"}, {"DataElement": "PTSD and Any Pain", "DataType": "Prevalence of Mental Health and Pain", "DataValue": "14%", "TBIFlag": "N"}, {"DataElement": "Patients", "DataType": "Proportion of TBI, Pain of the Head, Neck or Back, and/or PSTD", "DataValue": "684,133", "TBIFlag": "Y"}, {"DataElement": "Mutually Exclusive: No TBI, Pain, or PTSD", "DataType": "Proportion of TBI, Pain of the Head, Neck or Back, and/or PSTD", "DataValue": "47.2%", "TBIFlag": "Y"}, {"DataElement": "Mutually Exclusive: Pain Only", "DataType": "Proportion of TBI, Pain of the Head, Neck or Back, and/or PSTD", "DataValue": "19.6%", "TBIFlag": "Y"}, {"DataElement": "Mutually Exclusive: PTSD Only", "DataType": "Proportion of TBI, Pain of the Head, Neck or Back, and/or PSTD", "DataValue": "13.2%", "TBIFlag": "Y"}, {"DataElement": "Mutually Exclusive: Pain and PTSD", "DataType": "Proportion of TBI, Pain of the Head, Neck or Back, and/or PSTD", "DataValue": "13.0%", "TBIFlag": "Y"}, {"DataElement": "Mutually Exclusive: TBI Only", "DataType": "Proportion of TBI, Pain of the Head, Neck or Back, and/or PSTD", "DataValue": "0.7%", "TBIFlag": "Y"}, {"DataElement": "Mutually Exclusive: TBI and Pain", "DataType": "Proportion of TBI, Pain of the Head, Neck or Back, and/or PSTD", "DataValue": "1.2%", "TBIFlag": "Y"}, {"DataElement": "Mutually Exclusive: TBI and PTSD", "DataType": "Proportion of TBI, Pain of the Head, Neck or Back, and/or PSTD", "DataValue": "1.2%", "TBIFlag": "Y"}, {"DataElement": "Mutually Exclusive: TBI, Pain, and PTSD", "DataType": "Proportion of TBI, Pain of the Head, Neck or Back, and/or PSTD", "DataValue": "3.9%", "TBIFlag": "Y"}, {"DataElement": "Any Diagnosis: TBI", "DataType": "Proportion of TBI, Pain of the Head, Neck or Back, and/or PSTD", "DataValue": "7.0%", "TBIFlag": "Y"}, {"DataElement": "Any Diagnosis: Pain", "DataType": "Proportion of TBI, Pain of the Head, Neck or Back, and/or PSTD", "DataValue": "37.7%", "TBIFlag": "Y"}, {"DataElement": "Any Diagnosis: PTSD", "DataType": "Proportion of TBI, Pain of the Head, Neck or Back, and/or PSTD", "DataValue": "31.3%", "TBIFlag": "Y"}, {"DataElement": "Patients", "DataType": "Prevalence of Amputation, Genitourinary and Penetrating Eye Injury", "DataValue": "47,845", "TBIFlag": "Y"}, {"DataElement": "Patients", "DataType": "Prevalence of Amputation, Genitourinary and Penetrating Eye Injury", "DataValue": "636,288", "TBIFlag": "N"}, {"DataElement": "Any Amputation", "DataType": "Prevalence of Amputation, Genitourinary and Penetrating Eye Injury", "DataValue": "1.02%", "TBIFlag": "Y"}, {"DataElement": "Any Amputation", "DataType": "Prevalence of Amputation, Genitourinary and Penetrating Eye Injury", "DataValue": "0.21%", "TBIFlag": "N"}, {"DataElement": "Amputation: Major", "DataType": "Prevalence of Amputation, Genitourinary and Penetrating Eye Injury", "DataValue": "0.82%", "TBIFlag": "Y"}, {"DataElement": "Amputation: Major", "DataType": "Prevalence of Amputation, Genitourinary and Penetrating Eye Injury", "DataValue": "0.15%", "TBIFlag": "N"}, {"DataElement": "Amputation: Minor", "DataType": "Prevalence of Amputation, Genitourinary and Penetrating Eye Injury", "DataValue": "0.23%", "TBIFlag": "Y"}, {"DataElement": "Amputation: Minor", "DataType": "Prevalence of Amputation, Genitourinary and Penetrating Eye Injury", "DataValue": "0.06%", "TBIFlag": "N"}, {"DataElement": "Amputation: Unspecified", "DataType": "Prevalence of Amputation, Genitourinary and Penetrating Eye Injury", "DataValue": "0.20%", "TBIFlag": "Y"}, {"DataElement": "Amputation: Unspecified", "DataType": "Prevalence of Amputation, Genitourinary and Penetrating Eye Injury", "DataValue": "0.02%", "TBIFlag": "N"}, {"DataElement": "Genitourinary Conditions", "DataType": "Prevalence of Amputation, Genitourinary and Penetrating Eye Injury", "DataValue": "5.66%", "TBIFlag": "Y"}, {"DataElement": "Genitourinary Conditions", "DataType": "Prevalence of Amputation, Genitourinary and Penetrating Eye Injury", "DataValue": "5.06%", "TBIFlag": "N"}, {"DataElement": "Penetrating Eye Injury", "DataType": "Prevalence of Amputation, Genitourinary and Penetrating Eye Injury", "DataValue": "0.20%", "TBIFlag": "Y"}, {"DataElement": "Penetrating Eye Injury", "DataType": "Prevalence of Amputation, Genitourinary and Penetrating Eye Injury", "DataValue": "0.04%", "TBIFlag": "N"}, {"DataElement": "Patients", "DataType": "Category of Care Inpatient Stays", "DataValue": "47,845", "TBIFlag": "Y"}, {"DataElement": "Patients", "DataType": "Category of Care Inpatient Stays", "DataValue": "636,288", "TBIFlag": "N"}, {"DataElement": "Any Inpatient Stay", "DataType": "Category of Care Inpatient Stays", "DataValue": "12.21%", "TBIFlag": "Y"}, {"DataElement": "Any Inpatient Stay", "DataType": "Category of Care Inpatient Stays", "DataValue": "3.43%", "TBIFlag": "N"}, {"DataElement": "General Medicine", "DataType": "Category of Care Inpatient Stays", "DataValue": "3.29%", "TBIFlag": "Y"}, {"DataElement": "General Medicine", "DataType": "Category of Care Inpatient Stays", "DataValue": "1.17%", "TBIFlag": "N"}, {"DataElement": "Surgery", "DataType": "Category of Care Inpatient Stays", "DataValue": "1.37%", "TBIFlag": "Y"}, {"DataElement": "Surgery", "DataType": "Category of Care Inpatient Stays", "DataValue": "0.65%", "TBIFlag": "N"}, {"DataElement": "Psychiatry", "DataType": "Category of Care Inpatient Stays", "DataValue": "6.42%", "TBIFlag": "Y"}, {"DataElement": "Psychiatry", "DataType": "Category of Care Inpatient Stays", "DataValue": "1.42%", "TBIFlag": "N"}, {"DataElement": "Substance Abuse", "DataType": "Category of Care Inpatient Stays", "DataValue": "0.07%", "TBIFlag": "Y"}, {"DataElement": "Substance Abuse", "DataType": "Category of Care Inpatient Stays", "DataValue": "0.02%", "TBIFlag": "N"}, {"DataElement": "Spinal Cord", "DataType": "Category of Care Inpatient Stays", "DataValue": "0.10%", "TBIFlag": "Y"}, {"DataElement": "Spinal Cord", "DataType": "Category of Care Inpatient Stays", "DataValue": "0.02%", "TBIFlag": "N"}, {"DataElement": "Any Rehabilitation", "DataType": "Category of Care Inpatient Stays", "DataValue": "0.36%", "TBIFlag": "Y"}, {"DataElement": "Any Rehabilitation", "DataType": "Category of Care Inpatient Stays", "DataValue": "0.01%", "TBIFlag": "N"}, {"DataElement": "Polytrauma Rehab", "DataType": "Category of Care Inpatient Stays", "DataValue": "0.16%", "TBIFlag": "Y"}, {"DataElement": "Polytrauma Rehab", "DataType": "Category of Care Inpatient Stays", "DataValue": "--", "TBIFlag": "N"}, {"DataElement": "PM&R Transitional Rehab", "DataType": "Category of Care Inpatient Stays", "DataValue": "0.09%", "TBIFlag": "Y"}, {"DataElement": "PM&R Transitional Rehab", "DataType": "Category of Care Inpatient Stays", "DataValue": "--", "TBIFlag": "N"}, {"DataElement": "Rehabilitation Medicine", "DataType": "Category of Care Inpatient Stays", "DataValue": "0.17%", "TBIFlag": "Y"}, {"DataElement": "Rehabilitation Medicine", "DataType": "Category of Care Inpatient Stays", "DataValue": "0.01%", "TBIFlag": "N"}, {"DataElement": "Neurology", "DataType": "Category of Care Inpatient Stays", "DataValue": "0.29%", "TBIFlag": "Y"}, {"DataElement": "Neurology", "DataType": "Category of Care Inpatient Stays", "DataValue": "0.04%", "TBIFlag": "N"}, {"DataElement": "Intermediate", "DataType": "Category of Care Inpatient Stays", "DataValue": "--", "TBIFlag": "Y"}, {"DataElement": "Intermediate", "DataType": "Category of Care Inpatient Stays", "DataValue": "0.003%", "TBIFlag": "N"}, {"DataElement": "Any Domiciliary", "DataType": "Category of Care Inpatient Stays", "DataValue": "3.93%", "TBIFlag": "Y"}, {"DataElement": "Any Domiciliary", "DataType": "Category of Care Inpatient Stays", "DataValue": "0.71%", "TBIFlag": "N"}, {"DataElement": "Mental Health Domiciliary", "DataType": "Category of Care Inpatient Stays", "DataValue": "3.16%", "TBIFlag": "Y"}, {"DataElement": "Mental Health Domiciliary", "DataType": "Category of Care Inpatient Stays", "DataValue": "0.54%", "TBIFlag": "N"}, {"DataElement": "Nursing Home/Long Term Care", "DataType": "Category of Care Inpatient Stays", "DataValue": "0.21%", "TBIFlag": "Y"}, {"DataElement": "Nursing Home/Long Term Care", "DataType": "Category of Care Inpatient Stays", "DataValue": "0.03%", "TBIFlag": "N"}, {"DataElement": "Any Inpatient Stay", "DataType": "Category of Care Inpatient Length of Stay", "DataValue": "5844", "TBIFlag": "Y"}, {"DataElement": "Any Inpatient Stay", "DataType": "Category of Care Inpatient Length of Stay", "DataValue": "21822", "TBIFlag": "N"}, {"DataElement": "General Medicine", "DataType": "Category of Care Inpatient Length of Stay", "DataValue": "1573", "TBIFlag": "Y"}, {"DataElement": "General Medicine", "DataType": "Category of Care Inpatient Length of Stay", "DataValue": "7469", "TBIFlag": "N"}, {"DataElement": "Surgery", "DataType": "Category of Care Inpatient Length of Stay", "DataValue": "655", "TBIFlag": "Y"}, {"DataElement": "Surgery", "DataType": "Category of Care Inpatient Length of Stay", "DataValue": "4147", "TBIFlag": "N"}, {"DataElement": "Psychiatry", "DataType": "Category of Care Inpatient Length of Stay", "DataValue": "3074", "TBIFlag": "Y"}, {"DataElement": "Psychiatry", "DataType": "Category of Care Inpatient Length of Stay", "DataValue": "9044", "TBIFlag": "N"}, {"DataElement": "Substance Abuse", "DataType": "Category of Care Inpatient Length of Stay", "DataValue": "34", "TBIFlag": "Y"}, {"DataElement": "Substance Abuse", "DataType": "Category of Care Inpatient Length of Stay", "DataValue": "110", "TBIFlag": "N"}, {"DataElement": "Spinal Cord", "DataType": "Category of Care Inpatient Length of Stay", "DataValue": "49", "TBIFlag": "Y"}, {"DataElement": "Spinal Cord", "DataType": "Category of Care Inpatient Length of Stay", "DataValue": "131", "TBIFlag": "N"}, {"DataElement": "Any Rehabilitation", "DataType": "Category of Care Inpatient Length of Stay", "DataValue": "170", "TBIFlag": "Y"}, {"DataElement": "Any Rehabilitation", "DataType": "Category of Care Inpatient Length of Stay", "DataValue": "88", "TBIFlag": "N"}, {"DataElement": "Polytrauma Rehab", "DataType": "Category of Care Inpatient Length of Stay", "DataValue": "75", "TBIFlag": "Y"}, {"DataElement": "Polytrauma Rehab", "DataType": "Category of Care Inpatient Length of Stay", "DataValue": "--", "TBIFlag": "N"}, {"DataElement": "PM&R Transitional Rehab", "DataType": "Category of Care Inpatient Length of Stay", "DataValue": "44", "TBIFlag": "Y"}, {"DataElement": "PM&R Transitional Rehab", "DataType": "Category of Care Inpatient Length of Stay", "DataValue": "--", "TBIFlag": "N"}, {"DataElement": "Rehabilitation Medicine", "DataType": "Category of Care Inpatient Length of Stay", "DataValue": "83", "TBIFlag": "Y"}, {"DataElement": "Rehabilitation Medicine", "DataType": "Category of Care Inpatient Length of Stay", "DataValue": "76", "TBIFlag": "N"}, {"DataElement": "Neurology", "DataType": "Category of Care Inpatient Length of Stay", "DataValue": "140", "TBIFlag": "Y"}, {"DataElement": "Neurology", "DataType": "Category of Care Inpatient Length of Stay", "DataValue": "264", "TBIFlag": "N"}, {"DataElement": "Intermediate", "DataType": "Category of Care Inpatient Length of Stay", "DataValue": "--", "TBIFlag": "Y"}, {"DataElement": "Intermediate", "DataType": "Category of Care Inpatient Length of Stay", "DataValue": "18", "TBIFlag": "N"}, {"DataElement": "Any Domiciliary", "DataType": "Category of Care Inpatient Length of Stay", "DataValue": "1878", "TBIFlag": "Y"}, {"DataElement": "Any Domiciliary", "DataType": "Category of Care Inpatient Length of Stay", "DataValue": "4540", "TBIFlag": "N"}, {"DataElement": "Mental Health Domiciliary", "DataType": "Category of Care Inpatient Length of Stay", "DataValue": "1514", "TBIFlag": "Y"}, {"DataElement": "Mental Health Domiciliary", "DataType": "Category of Care Inpatient Length of Stay", "DataValue": "3429", "TBIFlag": "N"}, {"DataElement": "Nursing Home/Long Term Care", "DataType": "Category of Care Inpatient Length of Stay", "DataValue": "102", "TBIFlag": "Y"}, {"DataElement": "Nursing Home/Long Term Care", "DataType": "Category of Care Inpatient Length of Stay", "DataValue": "203", "TBIFlag": "N"}, {"DataElement": "TBI", "DataType": "Diagnosis Codes", "DataValue": "310.2, 800-801.99, 803-804.99, 850-854.99, 905.0, 907.0, 950.1-950.3, 959.01, V15.52", "TBIFlag": "X"}, {"DataElement": "Headache", "DataType": "Diagnosis Codes", "DataValue": "307.81, 339, 346, 784.0", "TBIFlag": "X"}, {"DataElement": "Back or Neck Pain", "DataType": "Diagnosis Codes", "DataValue": "720-724.9, 737-737.9, 738.2, 738.4-738.5, 739.1-739.4, 756.1-756.2, 805-806.9, 839-839.59, 846-847.9", "TBIFlag": "X"}, {"DataElement": "Any Mental Health Diagnosis", "DataType": "Diagnosis Codes", "DataValue": "290.0 \u20ac\u201c 319.0 (excluding 305.1), 648.3-648.4", "TBIFlag": "X"}, {"DataElement": "PTSD", "DataType": "Diagnosis Codes", "DataValue": "309.81", "TBIFlag": "X"}, {"DataElement": "Depression", "DataType": "Diagnosis Codes", "DataValue": "296.2\u20ac\u201c296.36, 296.5, 296.9, 300.4, 311", "TBIFlag": "X"}, {"DataElement": "Anxiety Disorder not PTSD", "DataType": "Diagnosis Codes", "DataValue": "300.0x, 300.2, 300.3", "TBIFlag": "X"}, {"DataElement": "Bipolar Disorder", "DataType": "Diagnosis Codes", "DataValue": "296.00-296.16, 296.4, 296.6, 296.8", "TBIFlag": "X"}, {"DataElement": "Psychosis", "DataType": "Diagnosis Codes", "DataValue": "295, 297, 298", "TBIFlag": "X"}, {"DataElement": "Substance Abuse excluding Nicotine Dependence", "DataType": "Diagnosis Codes", "DataValue": "291, 292, 303-305.9 (excluding 305.1), 648.3-648.34", "TBIFlag": "X"}, {"DataElement": "Nicotine Dependence", "DataType": "Diagnosis Codes", "DataValue": "305.1", "TBIFlag": "X"}, {"DataElement": "Amputation: Major", "DataType": "Diagnosis Codes", "DataValue": "887.0, 887.1, 887.2, 887.3, 897.0, 897.1, 897.2, 897.3, V49.64, V49.65, V49.66, V49.67, V49.74, V49.75, V49.76, V49.77, CPT and ICD-9 Procedure codes: 23900, 23930, 24900, 24920, 24925, 24930, 24931, 25900, 25905, 25907, 25909, 25915, 25920, 25924, 27290, 27295, 27590, 27591, 27592, 27594, 27596, 27598, 27880, 27881, 27882, 27884, 27886, 27888, 27889, 84.04, 84.05, 84.06, 84.07, 84.08, 84.13, 84.14, 84.15, 84.16, 84.17, 84.18, 84.19", "TBIFlag": "X"}, {"DataElement": "Amputation: Minor", "DataType": "Diagnosis Codes", "DataValue": "885.0, 885.1, 886.0, 886.1, 887.7, 895.0, 895.1, 896.0-896.3, V49.61-V49.63, V49.71- V49.73, CPT and ICD-9 Procedure codes: 25927, 25929, 25931, 26910, 26951, 26952, 28800, 28805, 28810, 28820, 28825, 84.01, 84.02, 84.03, 84.11, 84.12", "TBIFlag": "X"}, {"DataElement": "Amputation: Unspecified", "DataType": "Diagnosis Codes", "DataValue": "887.4-887.6, 897.4-897.7, V49.60, V49.70, CPT and ICD-9 Procedure codes: 24935, 24940, 84.0, 84.1, 84.10", "TBIFlag": "X"}, {"DataElement": "Penetrating Eye Injury", "DataType": "Diagnosis Codes", "DataValue": "360.34, 360.43, 360.50-360.69, 871", "TBIFlag": "X"}, {"DataElement": "Genitourinary Potentially Trauma related", "DataType": "Diagnosis Codes", "DataValue": "593.3, 593.4, 593.82, 596.1, 596.2, 596.4, 596.51, 596.53, 596.54, 596.7, 596.89, 598, 599.1, 599.4, 599.6, 599.7, 606, 607.84, 607.89, 680.8, 614, 616, 618, 619, 622.4, 623.2, 625, 626, 628", "TBIFlag": "X"}]