[{"DataElement": "Evaluated", "DataType": "Postconcussive Symptoms in Last 30 Days", "DataValue": "55070.00"}, {"DataElement": "Irritability, easily annoyed: Moderate to Severe", "DataType": "Postconcussive Symptoms in Last 30 Days", "DataValue": "45389.00"}, {"DataElement": "Irritability, easily annoyed: Mild", "DataType": "Postconcussive Symptoms in Last 30 Days", "DataValue": "6282.00"}, {"DataElement": "Irritability, easily annoyed: None", "DataType": "Postconcussive Symptoms in Last 30 Days", "DataValue": "2299.00"}, {"DataElement": "Sleep disturbance: Moderate to Severe", "DataType": "Postconcussive Symptoms in Last 30 Days", "DataValue": "44920.00"}, {"DataElement": "Sleep disturbance: Mild", "DataType": "Postconcussive Symptoms in Last 30 Days", "DataValue": "5233.00"}, {"DataElement": "Sleep disturbance: None", "DataType": "Postconcussive Symptoms in Last 30 Days", "DataValue": "4917.00"}, {"DataElement": "Forgetfulness: Moderate to Severe", "DataType": "Postconcussive Symptoms in Last 30 Days", "DataValue": "42441.00"}, {"DataElement": "Forgetfulness: Mild", "DataType": "Postconcussive Symptoms in Last 30 Days", "DataValue": "8071.00"}, {"DataElement": "Forgetfulness: None", "DataType": "Postconcussive Symptoms in Last 30 Days", "DataValue": "4558.00"}, {"DataElement": "Anxious or tense: Moderate to Severe", "DataType": "Postconcussive Symptoms in Last 30 Days", "DataValue": "42284.00"}, {"DataElement": "Anxious or tense: Mild", "DataType": "Postconcussive Symptoms in Last 30 Days", "DataValue": "7502.00"}, {"DataElement": "Anxious or tense: None", "DataType": "Postconcussive Symptoms in Last 30 Days", "DataValue": "5284.00"}, {"DataElement": "Headaches: Moderate to Severe", "DataType": "Postconcussive Symptoms in Last 30 Days", "DataValue": "39762.00"}, {"DataElement": "Headaches: Mild", "DataType": "Postconcussive Symptoms in Last 30 Days", "DataValue": "9914.00"}, {"DataElement": "Headaches: None", "DataType": "Postconcussive Symptoms in Last 30 Days", "DataValue": "5394.00"}, {"DataElement": "Poor concentration: Moderate to Severe", "DataType": "Postconcussive Symptoms in Last 30 Days", "DataValue": "38851.00"}, {"DataElement": "Poor concentration: Mild", "DataType": "Postconcussive Symptoms in Last 30 Days", "DataValue": "9472.00"}, {"DataElement": "Poor concentration: None", "DataType": "Postconcussive Symptoms in Last 30 Days", "DataValue": "6747.00"}, {"DataElement": "Poor frustration tolerance, easily overwhelmed: Moderate to Severe", "DataType": "Postconcussive Symptoms in Last 30 Days", "DataValue": "39251.00"}, {"DataElement": "Poor frustration tolerance, easily overwhelmed: Mild", "DataType": "Postconcussive Symptoms in Last 30 Days", "DataValue": "8737.00"}, {"DataElement": "Poor frustration tolerance, easily overwhelmed: None", "DataType": "Postconcussive Symptoms in Last 30 Days", "DataValue": "7082.00"}, {"DataElement": "Fatigue: Moderate to Severe", "DataType": "Postconcussive Symptoms in Last 30 Days", "DataValue": "35952.00"}, {"DataElement": "Fatigue: Mild", "DataType": "Postconcussive Symptoms in Last 30 Days", "DataValue": "10181.00"}, {"DataElement": "Fatigue: None", "DataType": "Postconcussive Symptoms in Last 30 Days", "DataValue": "8937.00"}, {"DataElement": "Hearing difficulty: Moderate to Severe", "DataType": "Postconcussive Symptoms in Last 30 Days", "DataValue": "33522.00"}, {"DataElement": "Hearing difficulty: Mild", "DataType": "Postconcussive Symptoms in Last 30 Days", "DataValue": "11537.00"}, {"DataElement": "Hearing difficulty: None", "DataType": "Postconcussive Symptoms in Last 30 Days", "DataValue": "10011.00"}, {"DataElement": "Depressed or sad: Moderate to Severe", "DataType": "Postconcussive Symptoms in Last 30 Days", "DataValue": "33223.00"}, {"DataElement": "Depressed or sad: Mild", "DataType": "Postconcussive Symptoms in Last 30 Days", "DataValue": "10750.00"}, {"DataElement": "Depressed or sad: None", "DataType": "Postconcussive Symptoms in Last 30 Days", "DataValue": "11097.00"}, {"DataElement": "Slowed thinking, difficulty organizing, difficulty finishing things: Moderate to Severe", "DataType": "Postconcussive Symptoms in Last 30 Days", "DataValue": "32289.00"}, {"DataElement": "Slowed thinking, difficulty organizing, difficulty finishing things: Mild", "DataType": "Postconcussive Symptoms in Last 30 Days", "DataValue": "11381.00"}, {"DataElement": "Slowed thinking, difficulty organizing, difficulty finishing things: None", "DataType": "Postconcussive Symptoms in Last 30 Days", "DataValue": "11400.00"}, {"DataElement": "Sensitivity to noise: Moderate to Severe", "DataType": "Postconcussive Symptoms in Last 30 Days", "DataValue": "30034.00"}, {"DataElement": "Sensitivity to noise: Mild", "DataType": "Postconcussive Symptoms in Last 30 Days", "DataValue": "10983.00"}, {"DataElement": "Sensitivity to noise: None", "DataType": "Postconcussive Symptoms in Last 30 Days", "DataValue": "14053.00"}, {"DataElement": "Sensitivity to light: Moderate to Severe", "DataType": "Postconcussive Symptoms in Last 30 Days", "DataValue": "27867.00"}, {"DataElement": "Sensitivity to light: Mild", "DataType": "Postconcussive Symptoms in Last 30 Days", "DataValue": "12298.00"}, {"DataElement": "Sensitivity to light: None", "DataType": "Postconcussive Symptoms in Last 30 Days", "DataValue": "14905.00"}, {"DataElement": "Difficulty making decisions: Moderate to Severe", "DataType": "Postconcussive Symptoms in Last 30 Days", "DataValue": "27877.00"}, {"DataElement": "Difficulty making decisions: Mild", "DataType": "Postconcussive Symptoms in Last 30 Days", "DataValue": "11615.00"}, {"DataElement": "Difficulty making decisions: None", "DataType": "Postconcussive Symptoms in Last 30 Days", "DataValue": "15578.00"}, {"DataElement": "Numbness of tingling in parts of body: Moderate to Severe", "DataType": "Postconcussive Symptoms in Last 30 Days", "DataValue": "25921.00"}, {"DataElement": "Numbness of tingling in parts of body: Mild", "DataType": "Postconcussive Symptoms in Last 30 Days", "DataValue": "11922.00"}, {"DataElement": "Numbness of tingling in parts of body: None", "DataType": "Postconcussive Symptoms in Last 30 Days", "DataValue": "17227.00"}, {"DataElement": "Patients", "DataType": "VHA User Diagnosis FY2009", "DataValue": "327388.00"}, {"DataElement": "TBI Pct", "DataType": "VHA User Diagnosis FY2009", "DataValue": "6.70"}, {"DataElement": "Pain Pct", "DataType": "VHA User Diagnosis FY2009", "DataValue": "33.60"}, {"DataElement": "PTSD Pct", "DataType": "VHA User Diagnosis FY2009", "DataValue": "27.60"}, {"DataElement": "Patients", "DataType": "VHA User Diagnosis FY2010", "DataValue": "398453.00"}, {"DataElement": "TBI Pct", "DataType": "VHA User Diagnosis FY2010", "DataValue": "6.80"}, {"DataElement": "Pain Pct", "DataType": "VHA User Diagnosis FY2010", "DataValue": "34.10"}, {"DataElement": "PTSD Pct", "DataType": "VHA User Diagnosis FY2010", "DataValue": "27.90"}, {"DataElement": "Patients", "DataType": "VHA User Diagnosis FY2011", "DataValue": "471383.00"}, {"DataElement": "TBI Pct", "DataType": "VHA User Diagnosis FY2011", "DataValue": "6.50"}, {"DataElement": "Pain Pct", "DataType": "VHA User Diagnosis FY2011", "DataValue": "33.70"}, {"DataElement": "PTSD Pct", "DataType": "VHA User Diagnosis FY2011", "DataValue": "28.20"}, {"DataElement": "Patients", "DataType": "VHA User Diagnosis FY2009 to FY2011", "DataValue": "613391.00"}, {"DataElement": "TBI Pct", "DataType": "VHA User Diagnosis FY2009 to FY2011", "DataValue": "9.60"}, {"DataElement": "Pain Pct", "DataType": "VHA User Diagnosis FY2009 to FY2011", "DataValue": "40.20"}, {"DataElement": "PTSD Pct", "DataType": "VHA User Diagnosis FY2009 to FY2011", "DataValue": "29.30"}]